split_scheme,ridge,basis,n,train_r2_mean,heldout_r2_mean,full_r2_mean,heldout_r2_std,heldout_r2_min,heldout_r2_max
random,1e-06,fft_top18_J2,45,0.9759758035341899,0.9618311935000949,0.9731588456365797,0.01446179179693761,0.8929533362388611,0.9779966473579407
random,1e-06,fft_top18_J1,45,0.9577116423183017,0.9435529510180155,0.954923341009352,0.014618048958170727,0.897604763507843,0.9667692184448242
random,1e-06,dct_top73,45,0.9524537285168966,0.9259781652026706,0.9472340120209588,0.02055250604292535,0.8599740862846375,0.959063708782196
random,1e-06,fft_top18_J0,45,0.8913792199558682,0.8689938849873013,0.8870898101064894,0.03277009862525731,0.7764469385147095,0.9140202403068542
random,1e-06,dct_top13,45,0.8521051049232483,0.8365699330965678,0.8492351796891954,0.03700293875910174,0.7316456437110901,0.8978598117828369
random,1e-06,constant,45,-1.4570024278428819e-08,-0.0014300266901652017,-5.4815080430772566e-05,0.0015658396534369583,-0.00567781925201416,-9.5367431640625e-07
random,1e-06,fft_top18_J2_coord_shuffle,45,0.12153456740909152,-0.1893168740802341,0.06005151801639133,0.029947841327805404,-0.26084792613983154,-0.12932121753692627
