split_scheme,ridge,comparison,n,train_margin_mean,heldout_margin_mean,full_margin_mean,heldout_margin_std,heldout_margin_min,heldout_margin_max,heldout_positive_count
random,1e-06,DCT73_minus_J2,45,-0.023522075017293295,-0.035853028297424316,-0.02592483361562093,0.015825849144409675,-0.08019113540649414,-0.014891326427459717,0
random,1e-06,J1_minus_J0,45,0.06633242236243354,0.07455906603071424,0.06783353090286255,0.027500842219257988,0.03879612684249878,0.147688090801239,45
random,1e-06,J2_minus_J0,45,0.08459658357832167,0.09283730851279365,0.08606903553009033,0.030134904894588418,0.05224728584289551,0.18554222583770752,45
random,1e-06,J2_minus_J1,45,0.018264161215888128,0.0182782424820794,0.018235504627227783,0.012621956156221852,-0.022798240184783936,0.06255859136581421,43
random,1e-06,J2_minus_shuffle,45,0.8544412361250984,1.151148067580329,0.9131073276201884,0.032894973121786686,1.0761983394622803,1.2201460003852844,45
