dataset,basis,holdout_radius,heldout_bias_mse_weight,boundary_smoothness_weight,reg_schedule,reg_start_step,reg_ramp_steps,eval_mode,eval_param,n,score_mean,score_std,loss_mean,loss_std
cifar10,dct_top33,4,1.0,10.0,constant,0,0,full,,3,0.6704579790433248,0.02478096200871172,0.3285188476244609,0.02474998951200907
cifar10,dct_top33,4,1.0,10.0,constant,0,0,heldout_clamp,,3,0.7826922734578451,0.0048937145156659695,0.21663266917069754,0.004951934203668073
cifar10,dct_top33,4,1.0,10.0,constant,0,0,radial_decay,gamma=0.25,3,0.748458206653595,0.00951575118695013,0.25076255202293396,0.009539288452269187
cifar10,dct_top33,4,1.0,10.0,constant,0,0,radial_decay,gamma=0.5,3,0.7700335383415222,0.005755234469120947,0.22925413648287454,0.005805138871532972
cifar10,dct_top33,4,1.0,10.0,constant,0,0,radial_decay,gamma=1,3,0.7798911333084106,0.004669797378491139,0.21942640841007233,0.004726238306295185
cifar10,dct_top33,4,1.0,10.0,constant,0,0,radial_decay,gamma=2,3,0.7822893659273783,0.0046434095684545216,0.2170377473036448,0.0046932591285687155
cifar10,dct_top33,4,1.0,10.0,constant,0,0,visible_only,,3,0.7823651830355326,0.004759808235643482,0.2169649302959442,0.004808259319714281
cifar10,dct_top33,4,1.0,10.0,constant,0,0,zero_bias,,3,0.14680562416712442,0.04658159327670546,0.8510072628657023,0.046179839959417414
