dataset,basis,n,score_mean,score_std,final_score_mean,final_visible_only_mean,final_extrapolation_gain_mean,heldout_bias_rms_mean,visible_bias_rms_mean,num_features
cifar10,axis_plus_toric_residual_R0_top55,1,0.647406280040741,0.0,0.6475540399551392,0.8149881958961487,-0.16743415594100952,0.05057789757847786,0.09411068260669708,55
cifar10,dct_top33,1,-0.09547615051269531,0.0,-0.09298455715179443,0.7848833203315735,-0.8778678774833679,0.34343403577804565,0.09412424266338348,34
cifar10,relative_2d_table,1,0.8438724875450134,0.0,0.8436436653137207,0.8435698747634888,7.37905502319336e-05,0.0,0.09134411066770554,225
cifar10,table_informed_toric_PJ_R0_top110,1,0.567358672618866,0.0,0.567018985748291,0.85389643907547,-0.28687745332717896,0.1918884515762329,0.15940962731838226,109
