split_scheme,ridge,basis,n,train_r2_mean,heldout_r2_mean,full_r2_mean,heldout_r2_std,heldout_r2_min,heldout_r2_max
random,1e-06,fft_top36_J1,45,0.9794431620173984,0.9640508347087436,0.9763803455564711,0.013651098936989481,0.9339693188667297,0.9816688895225525
random,1e-06,fft_top36_J2,45,0.9889697339799669,0.958244326379564,0.9827904250886705,0.1085825360791822,0.24137890338897705,0.990841269493103
random,1e-06,dct_top73,45,0.9524537285168966,0.9259781652026706,0.9472340120209588,0.02055250604292535,0.8599740862846375,0.959063708782196
random,1e-06,fft_top36_J0,45,0.9241783565945095,0.8954276866383023,0.9185923443900215,0.026268688615714426,0.8389756083488464,0.9435672163963318
random,1e-06,dct_top13,45,0.8521051049232483,0.8365699330965678,0.8492351796891954,0.03700293875910174,0.7316456437110901,0.8978598117828369
random,1e-06,constant,45,-1.4570024278428819e-08,-0.0014300266901652017,-5.4815080430772566e-05,0.0015658396534369583,-0.00567781925201416,-9.5367431640625e-07
random,1e-06,fft_top36_J2_coord_shuffle,45,0.21769675546222264,-0.3897089693281386,0.0972067568037245,0.0839730656975354,-0.670775294303894,-0.2604851722717285
