split_scheme,ridge,comparison,n,train_margin_mean,heldout_margin_mean,full_margin_mean,heldout_margin_std,heldout_margin_min,heldout_margin_max,heldout_positive_count
random,1e-06,DCT73_minus_J2,45,-0.036516005463070336,-0.032266161176893446,-0.03555641306771173,0.10690763011275302,-0.09821873903274536,0.666996955871582,1
random,1e-06,J1_minus_J0,45,0.05526480542288886,0.06862314807044136,0.05778800116644965,0.02244001314660073,0.03178590536117554,0.12167835235595703,45
random,1e-06,J2_minus_J0,45,0.06479137738545736,0.0628166397412618,0.06419808069864909,0.11007521290132716,-0.6477668285369873,0.13572907447814941,44
random,1e-06,J2_minus_J1,45,0.009526571962568495,-0.005806508329179552,0.0064100795321994355,0.10837660500605405,-0.7216334342956543,0.031838178634643555,39
random,1e-06,J2_minus_shuffle,45,0.7712729785177442,1.3479532957077027,0.8855836682849461,0.12924542845948253,0.7090647220611572,1.654960811138153,45
